25.76,22.350282907485962,0.3066554338668913,nan,0.16666666666666666,0.22966507177033493,0.22258064516129034,0.3333333333333333,0.24551910720324654,0.29866989117291415,0.23828125,0.2949547218628719,0.364,0.0,0.001,0.048,0.138,0.031,0.726,0.247,0.793,0.228
28.42,21.856489419937134,0.333994053518335,nan,nan,0.2605633802816901,0.2779329608938548,0.46551724137931033,0.3577512776831346,0.44858156028368795,0.2148111819519372,0.29707112970711297,0.337,0.0,0.0,0.037,0.398,0.027,0.63,0.253,0.876,0.284
32.28,21.45567488670349,0.35719905586152634,nan,nan,0.264,0.2344152498712004,0.5047619047619047,0.37363238512035013,0.4427570093457944,0.28003003003003,0.3512396694214876,0.454,0.0,0.0,0.033,0.455,0.053,0.683,0.379,0.746,0.425
34.05,21.22129988670349,0.34804862444017914,nan,nan,0.36585365853658536,0.27454545454545454,0.3917748917748918,0.5022371364653244,0.44206426484907496,0.2826086956521739,0.3384057971014493,0.544,0.0,0.0,0.03,0.604,0.181,0.449,0.454,0.676,0.467
37.24,20.937244176864624,0.37770897832817335,nan,nan,0.23076923076923078,0.3001179245283019,0.33277591973244147,0.48010849909584086,0.3919330289193303,0.3770491803278688,0.3815232722143865,0.488,0.0,0.0,0.006,0.509,0.398,0.531,0.515,0.736,0.541
37.96,20.830796718597412,0.39938791124713086,nan,nan,0.2636363636363636,0.30115606936416184,0.3643344709897611,0.5359056806002144,0.4042386185243328,0.3757105943152455,0.36808957312806156,0.522,0.0,0.0,0.058,0.521,0.427,0.5,0.515,0.727,0.526
38.88,20.72263789176941,0.4072463768115942,nan,nan,0.3223684210526316,0.29602713178294576,0.34832826747720363,0.594059405940594,0.4782608695652174,0.3873672442705422,0.39938319198149574,0.562,0.0,0.0,0.049,0.611,0.573,0.42,0.462,0.693,0.518
40.29,20.577738046646118,0.4352836879432624,nan,nan,0.2,0.31667602470522177,0.35038212815990594,0.5367170626349892,0.444064901793339,0.4249307479224377,0.4046961325966851,0.491,0.0,0.0,0.008,0.564,0.596,0.497,0.52,0.767,0.586
41.67,20.461477041244507,0.4318181818181818,nan,nan,0.3508771929824561,0.32816229116945106,0.3858267716535433,0.5019669551534225,0.4765765765765766,0.42429193899782136,0.40816326530612246,0.532,0.0,0.0,0.02,0.55,0.539,0.638,0.529,0.779,0.58
42.76,20.331796407699585,0.4632535094962841,nan,nan,0.352,0.33474833232261975,0.3909153475567791,0.5641569459172853,0.45166402535657685,0.47347740667976423,0.4,0.561,0.0,0.0,0.088,0.552,0.568,0.532,0.57,0.723,0.682
43.67,20.254661798477173,0.4195896757114494,nan,nan,0.35526315789473684,0.35354179961710275,0.37349397590361444,0.5663366336633663,0.4650602409638554,0.5412044374009509,0.4251968503937008,0.634,0.0,0.0,0.108,0.554,0.589,0.572,0.579,0.683,0.648
43.99,20.23490822315216,0.42256482130343376,nan,nan,0.4023809523809524,0.3440183171150544,0.4098728496634256,0.5750487329434698,0.5498960498960499,0.4388161639157655,0.44410876132930516,0.603,0.0,0.0,0.169,0.601,0.548,0.59,0.529,0.771,0.588
44.13,20.207308053970337,0.4020227560050569,nan,nan,0.37553648068669526,0.36861051115910726,0.3962628865979381,0.5818921668362157,0.5350966429298067,0.4817470664928292,0.42223692918596956,0.636,0.0,0.0,0.175,0.512,0.615,0.572,0.526,0.739,0.638
45.5,20.10704803466797,0.4272271016311167,nan,nan,0.37662337662337664,0.3802008608321377,0.371632765255635,0.5503875968992248,0.5570539419087137,0.5651063829787234,0.453529000698812,0.681,0.0,0.0,0.174,0.53,0.676,0.639,0.537,0.664,0.649
44.46,20.146782517433167,0.40537164272329795,nan,nan,0.3944723618090452,0.4103019538188277,0.42857142857142855,0.51156271899089,0.4907563025210084,0.4541429475015813,0.42766407904022585,0.649,0.0,0.0,0.157,0.462,0.54,0.73,0.584,0.718,0.606
45.89,20.044419527053833,0.4694903086862886,nan,nan,0.41648106904231624,0.37034617896799477,0.3908256880733945,0.5848375451263538,0.5373563218390804,0.47606019151846785,0.46226415094339623,0.654,0.0,0.0,0.187,0.567,0.639,0.648,0.561,0.696,0.637
46.11,19.99036419391632,0.45092250922509225,nan,nan,0.3885819521178637,0.3853211009174312,0.39104477611940297,0.6266666666666667,0.5640243902439024,0.5045170257123002,0.4317617866004963,0.611,0.0,0.0,0.211,0.546,0.655,0.611,0.555,0.726,0.696
45.76,20.02290427684784,0.45672061928219565,nan,nan,0.38392857142857145,0.37577854671280275,0.35823170731707316,0.6568501920614597,0.538821328344247,0.568019093078759,0.43699565487274983,0.649,0.0,0.0,0.172,0.543,0.705,0.513,0.576,0.714,0.704
47.81,19.843737840652466,0.4607773851590106,nan,nan,0.3815789473684211,0.43634686346863466,0.4446969696969697,0.5290412876137159,0.5641986879100281,0.49560853199498117,0.4690831556503198,0.652,0.0,0.0,0.261,0.473,0.587,0.756,0.602,0.79,0.66
47.56,19.84416437149048,0.4149940968122786,nan,nan,0.40561622464898595,0.4357338195077484,0.42633451957295376,0.5645816409423233,0.5736585365853658,0.5468867216804201,0.44726810673443457,0.703,0.0,0.0,0.26,0.478,0.599,0.695,0.588,0.729,0.704
48.73,19.75414204597473,0.5040983606557377,nan,nan,0.40938511326860844,0.4219242902208202,0.4598360655737705,0.5124309392265194,0.5930232558139535,0.5542253521126761,0.43291995490417134,0.615,0.0,0.0,0.253,0.535,0.561,0.742,0.612,0.787,0.768
48.75,19.709721565246582,0.5082508250825083,nan,nan,0.37703016241299303,0.392447741065408,0.45585874799357945,0.5802575107296137,0.6030769230769231,0.585081585081585,0.43333333333333335,0.616,0.0,0.0,0.325,0.582,0.568,0.676,0.588,0.753,0.767
48.74,19.726693272590637,0.5182879377431907,nan,nan,0.39028475711892796,0.38823529411764707,0.39296362552176506,0.6397205588822356,0.5738161559888579,0.5762314308053167,0.46748229233741145,0.666,0.0,0.0,0.233,0.594,0.659,0.641,0.618,0.737,0.726
49.69,19.64664924144745,0.5122887864823349,nan,nan,0.38461538461538464,0.39792387543252594,0.45349730976172176,0.5723577235772358,0.6442731277533039,0.5794753086419753,0.46862745098039216,0.667,0.0,0.0,0.38,0.575,0.59,0.704,0.585,0.751,0.717
49.7,19.649375915527344,0.5265567765567766,nan,nan,0.3951011714589989,0.4489051094890511,0.46105428796223447,0.6120543293718166,0.581267217630854,0.5067237163814181,0.4490876986462625,0.575,0.0,0.0,0.371,0.492,0.586,0.721,0.633,0.829,0.763
50.13,19.69558274745941,0.6306209850107066,0.3932221624529317,0.4,0.3611859838274933,0.42777777777777776,0.36442849820604817,0.6490486257928119,0.5688568856885688,0.802962962962963,0.7446808510638298,0.589,0.731,0.002,0.268,0.539,0.711,0.614,0.632,0.542,0.385
50.66,19.556368112564087,0.5105421686746988,0.6666666666666666,1.0,0.3685202639019793,0.41284403669724773,0.4684908789386401,0.5850980392156863,0.5697478991596638,0.5960474308300395,0.5216434336023478,0.678,0.002,0.001,0.391,0.54,0.565,0.746,0.678,0.754,0.711
50.97,19.490671753883362,0.5548117154811716,nan,0.25,0.388412017167382,0.4306292645943897,0.4241042345276873,0.618698441796517,0.6347914547304171,0.6330508474576271,0.45769449176604204,0.663,0.0,0.001,0.362,0.568,0.651,0.675,0.624,0.747,0.806
51.19,19.477094173431396,0.5021037868162693,nan,0.5,0.3856812933025404,0.4495985727029438,0.4609552691432904,0.5779674166020171,0.575168918918919,0.6144578313253012,0.49417852522639066,0.716,0.0,0.002,0.334,0.504,0.608,0.745,0.681,0.765,0.764
50.97,19.506251335144043,0.6485587583148559,0.3643966547192354,0.625,0.4216300940438871,0.4150066401062417,0.4820554649265905,0.6580578512396694,0.5848375451263538,0.6950354609929078,0.9315068493150684,0.585,0.915,0.005,0.269,0.625,0.591,0.637,0.648,0.686,0.136
51.74,19.4135000705719,0.5047425474254743,0.7073170731707317,0.2857142857142857,0.3777120315581854,0.4421553090332805,0.4660045836516425,0.6397748592870544,0.583547557840617,0.685404339250493,0.47992700729927007,0.745,0.029,0.002,0.383,0.558,0.61,0.682,0.681,0.695,0.789
51.56,19.418019890785217,0.5310687655343828,0.25,0.26666666666666666,0.3904847396768402,0.45346062052505964,0.5072072072072072,0.63125,0.6564102564102564,0.5099697885196375,0.4867141931302657,0.641,0.001,0.004,0.435,0.57,0.563,0.707,0.64,0.844,0.751
52.91,19.323397278785706,0.5298218435321457,nan,0.47191011235955055,0.44224924012158057,0.490072202166065,0.44654498044328556,0.5678832116788322,0.6838709677419355,0.5756331279945243,0.5073765234124439,0.684,0.0,0.042,0.291,0.543,0.685,0.778,0.636,0.841,0.791
52.79,19.322253823280334,0.5670682730923695,1.0,0.45714285714285713,0.46467817896389324,0.4255177020708083,0.4470198675496689,0.6115916955017301,0.6274703557312253,0.6240188383045526,0.4984005118362124,0.706,0.001,0.048,0.296,0.637,0.675,0.707,0.635,0.795,0.779
53.35,19.261256217956543,0.5556426332288401,nan,0.44954128440366975,0.47674418604651164,0.5161616161616162,0.44347240915208613,0.635407537248028,0.611659192825112,0.5705521472392638,0.487468671679198,0.709,0.0,0.147,0.287,0.511,0.659,0.725,0.682,0.837,0.778
53.56,19.264775276184082,0.5081752779594506,nan,0.402020202020202,0.4323748668796592,0.5546116504854369,0.48853615520282184,0.6429840142095915,0.5891800507185122,0.6872693726937269,0.4727164887307236,0.777,0.0,0.199,0.406,0.457,0.554,0.724,0.697,0.745,0.797
54.55,19.171090960502625,0.5522620904836193,nan,0.47568710359408034,0.4476439790575916,0.509009009009009,0.459366391184573,0.6676470588235294,0.6442953020134228,0.6323763955342903,0.5006242197253433,0.708,0.0,0.225,0.342,0.565,0.667,0.681,0.672,0.793,0.802
54.86,19.147629857063293,0.5393338058114813,nan,0.4813953488372093,0.5007541478129713,0.5237068965517241,0.47113328581610836,0.6542986425339367,0.5768,0.6531120331950208,0.5034267912772585,0.761,0.0,0.207,0.332,0.486,0.661,0.723,0.721,0.787,0.808
55.66,19.059195518493652,0.6313131313131313,nan,0.4095860566448802,0.4939759036144578,0.545361875637105,0.5207780725022104,0.6128266033254157,0.7085590465872156,0.591878871300757,0.4919499105545617,0.625,0.0,0.376,0.328,0.535,0.589,0.774,0.654,0.86,0.825
55.91,19.03032886981964,0.570875290472502,nan,0.46408839779005523,0.4765957446808511,0.5523809523809524,0.49639711769415534,0.5587828492392808,0.6676616915422886,0.700374531835206,0.5188257817485641,0.737,0.0,0.336,0.336,0.522,0.62,0.808,0.671,0.748,0.813
56.58,18.979401230812073,0.5838103025347506,nan,0.4260230849947534,0.521870286576169,0.5505494505494506,0.5248713550600344,0.6276422764227643,0.6917525773195876,0.63420245398773,0.5117014547754586,0.714,0.0,0.406,0.346,0.501,0.612,0.772,0.671,0.827,0.809
56.86,18.953739762306213,0.6165616561656165,nan,0.4627791563275434,0.48567530695770805,0.6012048192771084,0.5088996763754046,0.5669456066945606,0.6522935779816513,0.6722268557130943,0.521460602178091,0.685,0.0,0.373,0.356,0.499,0.629,0.813,0.711,0.806,0.814
55.99,19.006428599357605,0.5617053103964099,nan,0.43548387096774194,0.5007256894049347,0.591566265060241,0.5073529411764706,0.645021645021645,0.5796078431372549,0.6244094488188976,0.5396039603960396,0.751,0.0,0.351,0.345,0.491,0.621,0.745,0.739,0.793,0.763
56.71,18.97054159641266,0.650542941757157,nan,0.504424778761062,0.44583808437856326,0.5244215938303342,0.48775055679287305,0.5627586206896552,0.8002680965147453,0.6613798572561459,0.5209656925031766,0.659,0.0,0.285,0.391,0.612,0.657,0.816,0.597,0.834,0.82
56.51,18.959282279014587,0.6138353765323993,nan,0.4878419452887538,0.5631067961165048,0.5993189557321226,0.4431818181818182,0.617363344051447,0.662639405204461,0.6243386243386243,0.5157035175879398,0.701,0.0,0.321,0.232,0.528,0.741,0.768,0.713,0.826,0.821
57.59,18.86004614830017,0.6297273526824978,nan,0.4839609483960948,0.49577464788732395,0.6002239641657335,0.48022206800832756,0.6663701067615658,0.7005128205128205,0.6768848384424192,0.482739420935412,0.716,0.0,0.347,0.352,0.536,0.692,0.749,0.683,0.817,0.867
61.09,18.57804536819458,0.7160775370581528,0.5382830626450116,0.48946515397082657,0.46353646353646355,0.5508228460793805,0.5342222222222223,0.6217948717948718,0.7051282051282052,0.8036951501154734,0.7141434262948207,0.628,0.696,0.302,0.464,0.569,0.601,0.776,0.66,0.696,0.717
57.74,18.82571280002594,0.6278026905829597,0.8125,0.4900990099009901,0.46973365617433416,0.6416893732970027,0.47110215053763443,0.637901861252115,0.7085062240663901,0.6402486402486403,0.5284237726098191,0.7,0.039,0.396,0.388,0.471,0.701,0.754,0.683,0.824,0.818
58.01,18.821035623550415,0.6537001897533207,0.8333333333333334,0.5394321766561514,0.4690265486725664,0.5772020725388601,0.5076804915514593,0.5489130434782609,0.7443693693693694,0.665863453815261,0.5380577427821522,0.689,0.01,0.342,0.424,0.557,0.661,0.808,0.661,0.829,0.82
57.95,18.806971311569214,0.5888801879404855,0.875,0.4857496902106567,0.4241645244215938,0.6254501800720288,0.5457115928369463,0.6636363636363637,0.689620758483034,0.6461780929866037,0.5474254742547425,0.752,0.007,0.392,0.495,0.521,0.579,0.73,0.691,0.82,0.808
58.08,18.807005405426025,0.6619047619047619,1.0,0.4582463465553236,0.5383435582822086,0.5575396825396826,0.5357450473729544,0.5653409090909091,0.6740812379110251,0.6584394904458599,0.5544959128065395,0.695,0.005,0.439,0.351,0.562,0.622,0.796,0.697,0.827,0.814
62.08,18.456603169441223,0.7491369390103567,0.5196998123827392,0.5091863517060368,0.44636363636363635,0.5907172995780591,0.5855106888361045,0.6197183098591549,0.7120085015940489,0.7801857585139319,0.8323699421965318,0.651,0.831,0.388,0.491,0.56,0.493,0.792,0.67,0.756,0.576
58.9,18.730223894119263,0.6346320346320347,0.8181818181818182,0.4747039827771798,0.5039370078740157,0.6632047477744807,0.5266611977030353,0.6147919876733436,0.6726078799249531,0.6588785046728972,0.533203125,0.733,0.063,0.441,0.384,0.447,0.642,0.798,0.717,0.846,0.819
58.96,18.719529271125793,0.6054530874097834,0.8148148148148148,0.5199449793672627,0.5144230769230769,0.6521181001283697,0.5748031496062992,0.5778087927424983,0.7150313152400835,0.6664044059795436,0.5035087719298246,0.755,0.022,0.378,0.428,0.508,0.584,0.828,0.685,0.847,0.861
59.59,18.668421149253845,0.6897253306205493,1.0,0.5297766749379652,0.5210312075983717,0.5846736045411542,0.544054747647562,0.5690834473324213,0.754524886877828,0.6895424836601307,0.5182525433871933,0.678,0.007,0.427,0.384,0.618,0.636,0.832,0.667,0.844,0.866
59.56,18.67017889022827,0.6071428571428571,0.9166666666666666,0.5423976608187134,0.5517774343122102,0.6288546255506607,0.49158485273492286,0.6162881754111198,0.6951456310679611,0.7131647776809067,0.5325743200506009,0.782,0.011,0.371,0.357,0.571,0.701,0.787,0.716,0.818,0.842
59.98,18.618570685386658,0.6128266033254157,1.0,0.5315203955500618,0.511441647597254,0.6675358539765319,0.5289912629070691,0.6070096942580164,0.7425414364640884,0.7121993127147767,0.5260545905707196,0.774,0.006,0.43,0.447,0.512,0.666,0.814,0.672,0.829,0.848
60.14,18.60165309906006,0.672,1.0,0.5266418835192069,0.55359565807327,0.5746924428822495,0.6039024390243902,0.658974358974359,0.725609756097561,0.5901856763925729,0.5276073619631901,0.672,0.001,0.425,0.408,0.654,0.619,0.771,0.714,0.89,0.86
60.44,18.580321073532104,0.6569920844327177,1.0,0.532608695652174,0.509825327510917,0.6495828367103695,0.5614973262032086,0.6136701337295691,0.7110655737704918,0.7072961373390558,0.5192076830732293,0.747,0.005,0.441,0.467,0.545,0.63,0.826,0.694,0.824,0.865
59.85,18.623821020126343,0.6369922212618842,1.0,0.5353805073431241,0.5005336179295624,0.6729475100942126,0.5516666666666666,0.5887323943661972,0.7478165938864629,0.6208100558659218,0.5564795564795565,0.737,0.003,0.401,0.469,0.5,0.662,0.836,0.685,0.889,0.803
60.62,18.56355929374695,0.634881825590872,1.0,0.5531914893617021,0.49173553719008267,0.6596736596736597,0.5387722132471728,0.6077097505668935,0.709775967413442,0.7228070175438597,0.5503311258278145,0.779,0.002,0.416,0.476,0.566,0.667,0.804,0.697,0.824,0.831
61.07,18.5070321559906,0.6459209419680404,1.0,0.48534798534798534,0.5190023752969121,0.6464530892448512,0.5910852713178295,0.6986175115207374,0.6724137931034483,0.6633358954650269,0.562457798784605,0.768,0.002,0.53,0.437,0.565,0.61,0.758,0.741,0.863,0.833
60.77,18.530383110046387,0.7147208121827411,1.0,0.5547533092659447,0.5304010349288486,0.6432681242807825,0.5366795366795367,0.6034607065609229,0.7691428571428571,0.6547085201793722,0.523086269744836,0.704,0.001,0.461,0.41,0.559,0.695,0.837,0.673,0.876,0.861
60.94,18.511582732200623,0.702,1.0,0.5825688073394495,0.4781395348837209,0.5920810313075506,0.5764705882352941,0.6443548387096775,0.721025641025641,0.6967015285599356,0.5231338679827268,0.702,0.001,0.381,0.514,0.643,0.637,0.799,0.703,0.866,0.848
61.4,18.49298858642578,0.6818181818181818,0.5,0.5538277511961722,0.5010060362173038,0.6574585635359116,0.5788999098286745,0.6600331674958541,0.7431865828092243,0.6360373295046662,0.5412208936438011,0.69,0.001,0.463,0.498,0.595,0.642,0.796,0.709,0.886,0.86
61.18,18.486785054206848,0.6036249014972419,1.0,0.5856741573033708,0.5563380281690141,0.6222879684418146,0.5864864864864865,0.6061269146608315,0.7339544513457557,0.6353111432706223,0.5726962457337884,0.766,0.001,0.417,0.395,0.631,0.651,0.831,0.709,0.878,0.839
61.48,18.475812315940857,0.6927426955702167,1.0,0.5915492957746479,0.4688869412795793,0.6245173745173745,0.5804066543438078,0.6569525395503747,0.7776484284051223,0.6288147622427254,0.5593333333333333,0.735,0.001,0.42,0.535,0.647,0.628,0.789,0.668,0.886,0.839
61.98,18.427277326583862,0.6581196581196581,1.0,0.5381984036488028,0.5329479768786127,0.6403785488958991,0.5862068965517241,0.6832460732984293,0.7309278350515463,0.6433770014556041,0.5584158415841585,0.77,0.001,0.472,0.461,0.609,0.663,0.783,0.709,0.884,0.846
61.59,18.46320152282715,0.6841121495327103,1.0,0.5953038674033149,0.5048439181916039,0.6708004509582863,0.4996577686516085,0.6570008285004143,0.7693169092945129,0.7056883759274526,0.5356037151702786,0.732,0.001,0.431,0.469,0.595,0.73,0.793,0.687,0.856,0.865
61.68,18.455254554748535,0.6905916585838991,nan,0.5532934131736527,0.5683060109289617,0.5822339489885664,0.6124763705103969,0.6277258566978193,0.7090558766859345,0.6641452344931922,0.5425463851567498,0.712,0.0,0.462,0.416,0.662,0.648,0.806,0.736,0.878,0.848
61.95,18.434647917747498,0.6453726453726454,1.0,0.5811138014527845,0.4984126984126984,0.6886016451233843,0.5542763157894737,0.6074766355140186,0.7662624035281147,0.68559670781893,0.5760336370007008,0.788,0.001,0.48,0.471,0.586,0.674,0.845,0.695,0.833,0.822
62.55,18.371417999267578,0.7053824362606232,1.0,0.581145584725537,0.4911297852474323,0.6314760508308895,0.603515625,0.7043795620437956,0.7442348008385744,0.7024390243902439,0.5187793427230047,0.747,0.001,0.487,0.526,0.646,0.618,0.772,0.71,0.864,0.884
62.33,18.367604851722717,0.689623507805326,1.0,0.6291486291486291,0.4798951048951049,0.6503131524008351,0.621875,0.6288973384030419,0.722879684418146,0.7172995780590717,0.5277269957343084,0.751,0.001,0.436,0.549,0.623,0.597,0.827,0.733,0.85,0.866
62.62,18.35252034664154,0.6423895253682488,nan,0.6039215686274509,0.5066124109867752,0.6228571428571429,0.5990783410138248,0.6414342629482072,0.7129000969932104,0.6923694779116466,0.594574780058651,0.785,0.0,0.462,0.498,0.654,0.65,0.805,0.735,0.862,0.811
62.88,18.34126615524292,0.7418032786885246,1.0,0.5658823529411765,0.5285412262156448,0.6536082474226804,0.6083254493850521,0.614760147601476,0.7459016393442623,0.6960629921259842,0.5378361475922452,0.724,0.001,0.481,0.5,0.634,0.643,0.833,0.728,0.884,0.86
62.43,18.35403883457184,0.6756993006993007,nan,0.5631399317406144,0.549618320610687,0.6641550053821313,0.629399585921325,0.6245268735806208,0.7346115035317861,0.6449067431850789,0.5446540880503145,0.773,0.0,0.495,0.432,0.617,0.608,0.825,0.728,0.899,0.866
63.12,18.317244172096252,0.6796116504854369,nan,0.5992317541613317,0.5379061371841155,0.6546341463414634,0.5418236623963828,0.7060439560439561,0.7565308254963428,0.7092833876221498,0.535670356703567,0.77,0.0,0.468,0.447,0.671,0.719,0.771,0.724,0.871,0.871
62.77,18.33386754989624,0.6928635953026197,nan,0.5559038662486938,0.5572979493365501,0.7135483870967742,0.5745577085088458,0.6580483736447039,0.6766519823788546,0.7084357084357085,0.540251572327044,0.767,0.0,0.532,0.462,0.553,0.682,0.789,0.768,0.865,0.859
63.2,18.282176613807678,0.6638935108153078,nan,0.6253687315634219,0.5347222222222222,0.641491395793499,0.6404736275565124,0.6715566422167889,0.7563025210084033,0.6631339894019682,0.533292608430055,0.798,0.0,0.424,0.539,0.671,0.595,0.824,0.72,0.876,0.873
63.3,18.30045437812805,0.7314629258517034,nan,0.5380710659898477,0.5596330275229358,0.6473526473526473,0.582901554404145,0.6639741518578353,0.7977142857142857,0.7035541195476576,0.5308868501529052,0.73,0.0,0.53,0.488,0.648,0.675,0.822,0.698,0.871,0.868
63.53,18.274572491645813,0.7127172918572735,nan,0.5823389021479713,0.5688836104513064,0.6691331923890064,0.5641447368421053,0.6574367088607594,0.7691466083150985,0.7232808616404308,0.5244047619047619,0.779,0.0,0.488,0.479,0.633,0.686,0.831,0.703,0.873,0.881
63.84,18.256150484085083,0.6732929991356957,nan,0.5441906653426017,0.5401234567901234,0.6577380952380952,0.6501057082452432,0.6702127659574468,0.796420581655481,0.7047146401985112,0.5495268138801261,0.779,0.0,0.548,0.525,0.663,0.615,0.819,0.712,0.852,0.871
63.41,18.273810029029846,0.6949152542372882,nan,0.5823529411764706,0.568407960199005,0.6339370829361296,0.5873949579831933,0.6795626576955425,0.7405940594059406,0.6973058637083994,0.5372474747474747,0.738,0.0,0.495,0.457,0.665,0.699,0.808,0.748,0.88,0.851
63.68,18.274541974067688,0.7478902953586498,nan,0.549800796812749,0.581081081081081,0.6797872340425531,0.5864661654135338,0.6897717666948436,0.8022598870056498,0.7389830508474576,0.48404542996214167,0.709,0.0,0.552,0.473,0.639,0.702,0.816,0.71,0.872,0.895
63.44,18.26634991168976,0.6804733727810651,nan,0.6005056890012642,0.5703125,0.6826815642458101,0.581453634085213,0.618909090909091,0.724952741020794,0.7691597414589104,0.526060606060606,0.805,0.0,0.475,0.438,0.611,0.696,0.851,0.767,0.833,0.868
63.72,18.243351817131042,0.7380952380952381,nan,0.5952970297029703,0.5583424209378408,0.6659505907626209,0.5858585858585859,0.6422513492675405,0.7596741344195519,0.7181818181818181,0.5250150693188668,0.744,0.0,0.481,0.512,0.62,0.696,0.833,0.746,0.869,0.871
63.38,18.27117085456848,0.7191011235955056,nan,0.5792540792540792,0.6017316017316018,0.5998278829604131,0.5734824281150159,0.6685998342999171,0.7884187082405345,0.6587360594795539,0.5537244561634805,0.768,0.0,0.497,0.417,0.697,0.718,0.807,0.708,0.886,0.84
64.29,18.183859705924988,0.7033271719038817,nan,0.5896017699115044,0.5830258302583026,0.6736401673640168,0.6281453867660765,0.6486902927580893,0.7438905180840665,0.7158154859967051,0.5320708613317043,0.761,0.0,0.533,0.474,0.644,0.674,0.842,0.761,0.869,0.871
63.99,18.222396969795227,0.7141500474833808,nan,0.6209476309226932,0.5458207452165156,0.7053364269141531,0.6248812915479582,0.64209726443769,0.7704402515723271,0.7,0.5149384885764499,0.752,0.0,0.498,0.542,0.608,0.658,0.845,0.735,0.882,0.879
63.54,18.259593725204468,0.6381987577639752,nan,0.615686274509804,0.6304347826086957,0.6637649619151251,0.6670103092783505,0.6150568181818182,0.6517857142857143,0.7377472055030094,0.5406579764121664,0.822,0.0,0.471,0.406,0.61,0.647,0.866,0.803,0.858,0.871
64.22,18.201205492019653,0.7142857142857143,nan,0.6077097505668935,0.5629067245119306,0.6919691969196919,0.6542948038176034,0.6213235294117647,0.6961913197519929,0.6751687921980495,0.5706521739130435,0.75,0.0,0.536,0.519,0.629,0.617,0.845,0.786,0.9,0.84
64.35,18.179638862609863,0.6980461811722913,nan,0.5884353741496599,0.5841584158415841,0.689247311827957,0.6033568904593639,0.627007299270073,0.7797872340425532,0.703968253968254,0.5509020618556701,0.786,0.0,0.519,0.472,0.641,0.683,0.859,0.733,0.887,0.855
64.13,18.187644243240356,0.7141527001862198,nan,0.6014150943396226,0.5808080808080808,0.689545934530095,0.61,0.6122448979591837,0.7751046025104602,0.7284263959390863,0.5238095238095238,0.767,0.0,0.51,0.46,0.653,0.671,0.87,0.741,0.861,0.88
64.1,18.206989288330078,0.7379310344827587,nan,0.6321381142098274,0.544994944388271,0.6787234042553192,0.6267942583732058,0.6027491408934708,0.8225616921269095,0.7555555555555555,0.500561167227834,0.749,0.0,0.476,0.539,0.638,0.655,0.877,0.7,0.884,0.892
64.65,18.150610208511353,0.7052919708029197,nan,0.5873180873180873,0.5829207920792079,0.6879739978331527,0.6205985915492958,0.634789156626506,0.8121420389461627,0.7270471464019851,0.5315315315315315,0.773,0.0,0.565,0.471,0.635,0.705,0.843,0.709,0.879,0.885
63.96,18.192113399505615,0.6987410071942446,nan,0.6267696267696268,0.5635910224438903,0.6431924882629108,0.642023346303502,0.6068620443173696,0.7835497835497836,0.6758775205377147,0.5514800514800515,0.777,0.0,0.487,0.452,0.685,0.66,0.849,0.724,0.905,0.857
64.66,18.149821996688843,0.6746166950596252,nan,0.5544186046511628,0.5616883116883117,0.7029914529914529,0.6576200417536534,0.6503937007874016,0.7843986998916577,0.7566607460035524,0.5384138785625775,0.792,0.0,0.596,0.519,0.658,0.63,0.826,0.724,0.852,0.869
64.34,18.17732286453247,0.6760925449871465,nan,0.6381322957198443,0.5722748815165877,0.5996745321399511,0.610912343470483,0.6365671641791045,0.8370927318295739,0.7324894514767932,0.5562015503875969,0.789,0.0,0.492,0.483,0.737,0.683,0.853,0.668,0.868,0.861
64.44,18.177500009536743,0.7176938369781312,nan,0.6537949400798935,0.5198198198198198,0.6584440227703985,0.6706263498920086,0.6674856674856675,0.777542372881356,0.6686303387334315,0.5411042944785276,0.722,0.0,0.491,0.577,0.694,0.621,0.815,0.734,0.908,0.882
64.78,18.136974453926086,0.7098591549295775,nan,0.6112994350282486,0.5892018779342723,0.6899791231732777,0.6547131147540983,0.6528537920250196,0.7766287487073423,0.672579453067258,0.5303303303303303,0.756,0.0,0.541,0.502,0.661,0.639,0.835,0.751,0.91,0.883
65.41,18.08613884449005,0.6652926628194559,nan,0.5893617021276596,0.6148055207026348,0.7322654462242563,0.62430426716141,0.7362132352941176,0.7408450704225352,0.707667731629393,0.5321913762551683,0.807,0.0,0.554,0.49,0.64,0.673,0.801,0.789,0.886,0.901
65.25,18.087089896202087,0.7091882247992863,nan,0.602436323366556,0.6256906077348067,0.6500920810313076,0.6481481481481481,0.7009507346585998,0.7576354679802956,0.7879341864716636,0.49092849519743864,0.795,0.0,0.544,0.453,0.706,0.665,0.811,0.769,0.862,0.92
64.51,18.14395558834076,0.6550888529886915,nan,0.650904033379694,0.6216216216216216,0.6304932735426009,0.6821621621621622,0.6245487364620939,0.7656565656565657,0.6731927710843374,0.551923076923077,0.811,0.0,0.468,0.46,0.703,0.631,0.865,0.758,0.894,0.861
64.85,18.12377119064331,0.7119924457034938,nan,0.6017505470459519,0.6170798898071626,0.6663470757430489,0.5985160758450123,0.6722129783693843,0.7737603305785123,0.7534722222222222,0.5147997678467788,0.754,0.0,0.55,0.448,0.695,0.726,0.808,0.749,0.868,0.887
64.48,18.149871945381165,0.6955280685061845,nan,0.6118047673098751,0.6290760869565217,0.6258741258741258,0.6240942028985508,0.6983857264231096,0.8261390887290168,0.603638726445744,0.5671447196870926,0.731,0.0,0.539,0.463,0.716,0.689,0.822,0.689,0.929,0.87
65.66,18.042140126228333,0.6934628975265018,nan,0.6323699421965318,0.5502846299810247,0.6511627906976745,0.6928327645051194,0.7258791704238052,0.8092613009922822,0.6776859504132231,0.5457943925233645,0.785,0.0,0.547,0.58,0.728,0.609,0.805,0.734,0.902,0.876
65.46,18.0594162940979,0.7613168724279835,nan,0.6051020408163266,0.6052631578947368,0.697524219590958,0.6541129831516352,0.6884422110552764,0.7369914853358562,0.6811053024645257,0.5261282660332541,0.74,0.0,0.593,0.506,0.648,0.66,0.822,0.779,0.912,0.886
65.38,18.086817145347595,0.6952714535901926,nan,0.6448828606658447,0.5768822905620361,0.6325823223570191,0.7009132420091324,0.6279411764705882,0.8075639599555061,0.721324717285945,0.5453392517438174,0.794,0.0,0.523,0.544,0.73,0.614,0.854,0.726,0.893,0.86
65.51,18.068790793418884,0.645412130637636,nan,0.6293706293706294,0.5965116279069768,0.6793206793206793,0.6804798255179935,0.6804293971924029,0.7255434782608695,0.7310286677908938,0.5529486366518707,0.83,0.0,0.54,0.513,0.68,0.624,0.824,0.801,0.867,0.872
65.03,18.114641070365906,0.7089072543617998,nan,0.5971074380165289,0.6352941176470588,0.7415599534342259,0.6201269265639165,0.615,0.7619521912350598,0.691717791411043,0.5473948524795983,0.772,0.0,0.578,0.432,0.637,0.684,0.861,0.765,0.902,0.872
65.3,18.082996606826782,0.7030685920577617,nan,0.6270783847980997,0.5685071574642127,0.6551094890510949,0.6677454153182308,0.7060839760068551,0.8004338394793926,0.6195286195286195,0.5749152542372882,0.779,0.0,0.528,0.556,0.718,0.619,0.824,0.738,0.92,0.848
65.59,18.047494173049927,0.707427536231884,nan,0.5952380952380952,0.6254826254826255,0.6746871992300288,0.6701030927835051,0.6953586497890295,0.7824742268041237,0.699685534591195,0.5200931857891672,0.781,0.0,0.575,0.486,0.701,0.65,0.824,0.759,0.89,0.893
65.66,18.053401470184326,0.6889460154241646,nan,0.6547314578005116,0.5617760617760618,0.6631878557874763,0.6851015801354402,0.654490106544901,0.792152704135737,0.7073365231259968,0.5549872122762148,0.804,0.0,0.512,0.582,0.699,0.607,0.86,0.747,0.887,0.868
65.38,18.06090533733368,0.6939655172413793,nan,0.6679738562091503,0.6262068965517241,0.6715686274509803,0.6335174953959485,0.6948318293683347,0.7446808510638298,0.7362270450751253,0.4997211377579476,0.805,0.0,0.511,0.454,0.685,0.688,0.847,0.77,0.882,0.896
65.75,18.037325739860535,0.7381422924901185,nan,0.6419161676646706,0.5457142857142857,0.6472663139329806,0.6579476861167002,0.6914095079232694,0.8066298342541437,0.6928406466512702,0.55470737913486,0.747,0.0,0.536,0.573,0.734,0.654,0.829,0.73,0.9,0.872
65.4,18.05916142463684,0.7133520074696545,nan,0.5703493862134089,0.586015538290788,0.7022175290390708,0.6031468531468531,0.7367941712204007,0.7609805924412666,0.7909604519774012,0.5146635997699828,0.764,0.0,0.604,0.528,0.665,0.69,0.809,0.745,0.84,0.895
65.52,18.054072856903076,0.7175712971481141,nan,0.645320197044335,0.602125147579693,0.6485998193315267,0.6666666666666666,0.6151154653603919,0.7851772287862513,0.7216748768472906,0.552482715273413,0.78,0.0,0.524,0.51,0.718,0.652,0.879,0.731,0.879,0.879
65.79,18.01825785636902,0.7212511499540019,nan,0.6446886446886447,0.6102502979737783,0.6613953488372093,0.6606786427145709,0.7414272474513438,0.7483189241114313,0.6959876543209876,0.5113507377979569,0.784,0.0,0.528,0.512,0.711,0.662,0.8,0.779,0.902,0.901
65.48,18.050684094429016,0.744433688286544,nan,0.6413708690330477,0.6641221374045801,0.6724137931034483,0.5965058236272879,0.6555133079847909,0.7643504531722054,0.7078384798099763,0.5280095351609059,0.769,0.0,0.524,0.435,0.702,0.717,0.862,0.759,0.894,0.886
66.12,17.998541831970215,0.6859504132231405,nan,0.6277777777777778,0.6229508196721312,0.7449822904368358,0.6623889437314906,0.6443949517446177,0.8143646408839779,0.75,0.5147392290249433,0.83,0.0,0.565,0.532,0.631,0.671,0.868,0.737,0.87,0.908
66.05,18.00721848011017,0.6802030456852792,nan,0.6623222748815166,0.584349593495935,0.6748285994123409,0.714792899408284,0.6322254335260116,0.814317673378076,0.6669101533966398,0.5809072444143534,0.804,0.0,0.559,0.575,0.689,0.604,0.875,0.728,0.913,0.858
66.31,17.984383702278137,0.692504258943782,nan,0.6411378555798687,0.5966666666666667,0.6758293838862559,0.6452205882352942,0.6794141578519122,0.8458781362007168,0.8257425742574257,0.5036252091466815,0.813,0.0,0.586,0.537,0.713,0.702,0.835,0.708,0.834,0.903
66.33,17.976762771606445,0.6610845295055822,nan,0.6799485861182519,0.6187648456057007,0.6723646723646723,0.6752843846949328,0.6410635155096012,0.7658102766798419,0.7596153846153846,0.5520050125313283,0.829,0.0,0.529,0.521,0.708,0.653,0.868,0.775,0.869,0.881
66.19,17.995534300804138,0.735653809971778,nan,0.6751269035532995,0.6409921671018277,0.6362839614373357,0.6669980119284294,0.6388278388278388,0.7433712121212122,0.7605150214592274,0.5296969696969697,0.782,0.0,0.532,0.491,0.726,0.671,0.872,0.785,0.886,0.874
66.36,17.972704768180847,0.7326355851569933,nan,0.6352272727272728,0.54673721340388,0.6776699029126214,0.6384976525821596,0.70926243567753,0.8113839285714286,0.7367549668874173,0.5509554140127388,0.77,0.0,0.559,0.62,0.698,0.68,0.827,0.727,0.89,0.865
66.36,17.9875670671463,0.7162041181736795,nan,0.7110799438990182,0.5959137343927355,0.7031914893617022,0.6336633663366337,0.6995114006514658,0.7815040650406504,0.7133907595927956,0.5145797598627787,0.8,0.0,0.507,0.525,0.661,0.704,0.859,0.769,0.911,0.9
65.92,18.00957155227661,0.6745901639344263,nan,0.669576059850374,0.5990396158463386,0.7019527235354573,0.6225402504472272,0.7331486611265005,0.7740963855421686,0.6911196911196911,0.5321428571428571,0.823,0.0,0.537,0.499,0.683,0.696,0.794,0.771,0.895,0.894
66.71,17.945076942443848,0.7120141342756183,nan,0.6910994764397905,0.6170454545454546,0.6420068027210885,0.6966773847802786,0.6895424836601307,0.7731434384537131,0.7194533762057878,0.5348557692307693,0.806,0.0,0.528,0.543,0.755,0.65,0.844,0.76,0.895,0.89
66.64,17.93911564350128,0.7075555555555556,nan,0.61328125,0.6343669250645995,0.7351648351648352,0.6577114427860696,0.6836653386454183,0.7516650808753568,0.7512908777969018,0.5301062573789846,0.796,0.0,0.628,0.491,0.669,0.661,0.858,0.79,0.873,0.898
66.47,17.952871561050415,0.7039647577092512,nan,0.6161616161616161,0.6255980861244019,0.7186192468619247,0.7304878048780488,0.6563209689629069,0.7765640516385303,0.7163577759871071,0.525974025974026,0.799,0.0,0.61,0.523,0.687,0.599,0.867,0.782,0.889,0.891
66.96,17.923705458641052,0.7145421903052065,0.0,0.6174974567650051,0.6012207527975585,0.6544821583986075,0.7384806973848069,0.7418478260869565,0.7596439169139466,0.7285251215559158,0.5383189122373301,0.796,0.0,0.607,0.591,0.752,0.593,0.819,0.768,0.899,0.871
66.83,17.93108868598938,0.7586206896551724,nan,0.628099173553719,0.6183115338882283,0.6848541862652869,0.6799580272822665,0.6838760921366164,0.798728813559322,0.7441471571906354,0.5133446905167518,0.77,0.0,0.608,0.52,0.728,0.648,0.861,0.754,0.89,0.904
66.41,17.95700168609619,0.7385931558935361,nan,0.6345291479820628,0.5843881856540084,0.7326732673267327,0.6466093600764088,0.6984126984126984,0.7572815533980582,0.6894977168949772,0.5456238361266295,0.777,0.0,0.566,0.554,0.666,0.677,0.836,0.78,0.906,0.879
66.74,17.918301105499268,0.7062391681109186,nan,0.6709021601016518,0.6021276595744681,0.6651745747538048,0.6568338249754179,0.7304964539007093,0.7793964620187305,0.7291325695581015,0.5316606929510155,0.815,0.0,0.528,0.566,0.743,0.668,0.824,0.749,0.891,0.89
66.49,17.965696573257446,0.6591789310611929,nan,0.6400885935769657,0.6085526315789473,0.7034764826175869,0.6972789115646258,0.6876006441223832,0.7784679089026915,0.76657824933687,0.5244837758112094,0.851,0.0,0.578,0.555,0.688,0.615,0.854,0.752,0.867,0.889
67.29,17.900792360305786,0.7093942054433714,nan,0.6568848758465011,0.6487804878048781,0.6669565217391304,0.6812957157784744,0.68582995951417,0.7929606625258799,0.7266828872668288,0.5446096654275093,0.808,0.0,0.582,0.532,0.767,0.652,0.847,0.766,0.896,0.879
67.17,17.873611092567444,0.7191413237924866,nan,0.6501650165016502,0.6468401486988847,0.684557438794727,0.6693711967545639,0.7128463476070529,0.7521613832853026,0.7521150592216582,0.5234741784037559,0.804,0.0,0.591,0.522,0.727,0.66,0.849,0.783,0.889,0.892
67.06,17.905534386634827,0.723792160437557,nan,0.6147704590818364,0.6619354838709678,0.6961271102284012,0.6527909176915799,0.6991803278688524,0.8029504741833509,0.7271980279375514,0.5322195704057279,0.794,0.0,0.616,0.513,0.701,0.69,0.853,0.762,0.885,0.892
67.23,17.886253356933594,0.7019311502938707,nan,0.6459893048128342,0.5791583166332666,0.713,0.6684378320935175,0.7652091254752852,0.7849898580121704,0.751269035532995,0.5224489795918368,0.836,0.0,0.604,0.578,0.713,0.629,0.805,0.774,0.888,0.896
66.79,17.913394451141357,0.6501901140684411,nan,0.593607305936073,0.7103918228279387,0.707631318136769,0.650390625,0.7405355493998154,0.7426739926739927,0.7574978577549272,0.5405405405405406,0.855,0.0,0.65,0.417,0.714,0.666,0.802,0.811,0.884,0.88
66.91,17.909592032432556,0.7018900343642611,nan,0.6730538922155689,0.5771543086172345,0.6959847036328872,0.6734258271077909,0.7304347826086957,0.7949790794979079,0.7668711656441718,0.5087422447828539,0.817,0.0,0.562,0.576,0.728,0.631,0.84,0.76,0.875,0.902
66.89,17.916869282722473,0.656055900621118,nan,0.6779661016949152,0.6360294117647058,0.7116564417177914,0.6615853658536586,0.7089859851607585,0.7354014598540146,0.738655462184874,0.5425730267246737,0.845,0.0,0.56,0.519,0.696,0.651,0.86,0.806,0.879,0.873
67.49,17.84268057346344,0.7096774193548387,nan,0.6459977452085682,0.6467661691542289,0.6809090909090909,0.6966413867822319,0.7040065412919051,0.7681862269641125,0.8003679852805887,0.5121675155631012,0.836,0.0,0.573,0.52,0.749,0.643,0.861,0.792,0.87,0.905
67.3,17.893290638923645,0.6998284734133791,nan,0.6495633187772926,0.6332574031890661,0.7028846153846153,0.6861702127659575,0.6390704429920117,0.8126338329764454,0.7621527777777778,0.5447714464621165,0.816,0.0,0.595,0.556,0.731,0.645,0.88,0.759,0.878,0.87
67.29,17.902450442314148,0.7233848953594176,nan,0.6136585365853658,0.6299303944315545,0.6924510717614166,0.6623376623376623,0.7061769616026711,0.8269018743109151,0.6744011976047904,0.5730486991327551,0.795,0.0,0.629,0.543,0.743,0.663,0.846,0.75,0.901,0.859
67.12,17.889037370681763,0.6766129032258065,nan,0.647964796479648,0.6021390374331551,0.6822429906542056,0.7129735935706085,0.6737089201877934,0.8194905869324474,0.7929155313351499,0.529238038984052,0.839,0.0,0.589,0.563,0.73,0.621,0.861,0.74,0.873,0.896
67.5,17.86811602115631,0.7258791704238052,nan,0.6355841371918542,0.6221719457013575,0.7090558766859345,0.676056338028169,0.6551724137931034,0.7887179487179488,0.7339373970345964,0.5661619486504279,0.805,0.0,0.593,0.55,0.736,0.672,0.874,0.769,0.891,0.86
67.24,17.886870861053467,0.7037037037037037,nan,0.6003616636528029,0.6564495530012772,0.711595639246779,0.6964477933261571,0.7089859851607585,0.8635235732009926,0.7199367088607594,0.5193753614806247,0.817,0.0,0.664,0.514,0.718,0.647,0.86,0.696,0.91,0.898
67.67,17.84627628326416,0.6862416107382551,nan,0.6253658536585366,0.6581306017925737,0.7361111111111112,0.7122222222222222,0.7460456942003515,0.7368896925858951,0.7588832487309645,0.5189655172413793,0.818,0.0,0.641,0.514,0.689,0.641,0.849,0.815,0.897,0.903
67.27,17.891505241394043,0.6740506329113924,nan,0.7244755244755244,0.6708160442600276,0.697495183044316,0.6905005107252298,0.6554498902706657,0.7584905660377359,0.7902483900643974,0.5166949632144878,0.852,0.0,0.518,0.485,0.724,0.676,0.896,0.804,0.859,0.913
67.27,17.881975769996643,0.7132805628847845,nan,0.6824644549763034,0.6112311015118791,0.7291440953412784,0.6614785992217899,0.6705336426914154,0.7950310559006211,0.7713787085514834,0.5192861255037421,0.811,0.0,0.576,0.566,0.673,0.68,0.867,0.768,0.884,0.902
67.66,17.82566475868225,0.6909547738693468,nan,0.6505263157894737,0.6582597730138714,0.6993275696445725,0.6679920477137177,0.7509191176470589,0.7292965271593945,0.7877697841726619,0.5251033668044891,0.825,0.0,0.618,0.522,0.728,0.672,0.817,0.819,0.876,0.889
67.38,17.85217797756195,0.68019884009942,nan,0.6766109785202864,0.6488456865127582,0.7064128256513026,0.6904024767801857,0.7207514944491887,0.7282321899736148,0.715647339158062,0.5438047559449312,0.821,0.0,0.567,0.534,0.705,0.669,0.844,0.828,0.901,0.869
67.67,17.83809185028076,0.7419945105215004,nan,0.6753100338218715,0.6016597510373444,0.7203219315895373,0.6982758620689655,0.6902303415409055,0.8137044967880086,0.7932296431838975,0.4962121212121212,0.811,0.0,0.599,0.58,0.716,0.648,0.869,0.76,0.867,0.917
67.13,17.88813066482544,0.6943972835314092,nan,0.6458982346832814,0.5800575263662512,0.7620730270906949,0.7286729857819905,0.6638846737481032,0.8262806236080178,0.689811320754717,0.5530973451327433,0.818,0.0,0.622,0.605,0.647,0.615,0.875,0.742,0.914,0.875
68.01,17.804298043251038,0.6999168744804655,nan,0.690223792697291,0.6335963923337091,0.7069457659372027,0.722794959908362,0.6977309562398704,0.7781065088757396,0.7189751801441153,0.5420731707317074,0.842,0.0,0.586,0.562,0.743,0.631,0.861,0.789,0.898,0.889
67.81,17.8150497674942,0.7002540220152413,nan,0.6766004415011038,0.6391152502910361,0.7247983870967742,0.6740220661985958,0.6947368421052632,0.7693817468105987,0.7583547557840618,0.5316301703163017,0.827,0.0,0.613,0.549,0.719,0.672,0.858,0.784,0.885,0.874
68.39,17.780022621154785,0.7252650176678446,nan,0.6867335562987736,0.6264428121720882,0.7104761904761905,0.7125140924464487,0.7100248550124275,0.7804154302670623,0.77009507346586,0.5216881594372802,0.821,0.0,0.616,0.597,0.746,0.632,0.857,0.789,0.891,0.89
67.05,17.88992476463318,0.7613636363636364,nan,0.6926770708283313,0.6333333333333333,0.7326943556975506,0.631858407079646,0.6602230483271375,0.8108108108108109,0.740432612312812,0.5089485458612976,0.737,0.0,0.577,0.551,0.688,0.714,0.888,0.75,0.89,0.91
70.77,17.5575612783432,0.7446009389671362,0.5954751131221719,0.6585648148148148,0.6689098250336474,0.7469478357380688,0.6157130657557643,0.6741140215716487,0.7985685071574642,0.8540596094552929,0.7527716186252772,0.793,0.658,0.569,0.497,0.673,0.721,0.875,0.781,0.831,0.679
68.13,17.791747212409973,0.7028862478777589,0.6444444444444445,0.6674182638105975,0.6702557200538358,0.7684563758389261,0.6511627906976745,0.7448706512042819,0.7244718309859155,0.819366852886406,0.5061043285238623,0.828,0.058,0.592,0.498,0.687,0.7,0.835,0.823,0.88,0.912
68.06,17.78870415687561,0.7023096663815227,0.7021276595744681,0.7071895424836602,0.6101694915254238,0.7410901467505241,0.667964946445959,0.6717909300538047,0.7901606425702812,0.7430668841761827,0.5537873965626989,0.821,0.033,0.541,0.576,0.707,0.686,0.874,0.787,0.911,0.87
68.29,17.780996799468994,0.7346553352219075,0.7878787878787878,0.6057347670250897,0.63572267920094,0.75,0.6444241316270567,0.7290379523389232,0.8061855670103093,0.7620274914089347,0.5486453201970444,0.778,0.026,0.676,0.541,0.717,0.705,0.826,0.782,0.887,0.891
67.75,17.819627285003662,0.719892952720785,0.5,0.648590021691974,0.636259977194983,0.691324200913242,0.7475,0.7265758091993185,0.7671905697445972,0.7596638655462185,0.509782001117943,0.807,0.007,0.598,0.558,0.757,0.598,0.853,0.781,0.904,0.912
67.62,17.832732915878296,0.6658395368072787,0.7307692307692307,0.627906976744186,0.6662420382165605,0.7215064420218038,0.7154105736782902,0.6502209131075111,0.7883435582822086,0.72,0.5799180327868853,0.805,0.019,0.648,0.523,0.728,0.636,0.883,0.771,0.9,0.849
68.03,17.792537093162537,0.7105263157894737,0.7368421052631579,0.6681465038845728,0.6786703601108033,0.6920289855072463,0.67098703888335,0.7141666666666666,0.75512104283054,0.7603448275862069,0.5366726296958855,0.81,0.014,0.602,0.49,0.764,0.673,0.857,0.811,0.882,0.9
68.32,17.784262537956238,0.6221428571428571,0.6666666666666666,0.6836158192090396,0.6834239130434783,0.7047353760445683,0.6881937436932392,0.727810650887574,0.825346112886049,0.7283142389525368,0.5644329896907216,0.871,0.01,0.605,0.503,0.759,0.682,0.861,0.775,0.89,0.876
67.9,17.815345764160156,0.7432052483598875,0.6,0.6730123180291153,0.6583541147132169,0.7091254752851711,0.6609195402298851,0.722174288179465,0.7678048780487805,0.7527242246437552,0.5150997150997151,0.793,0.006,0.601,0.528,0.746,0.69,0.837,0.787,0.898,0.904
67.85,17.807750344276428,0.717720391807658,0.8333333333333334,0.6564156945917285,0.6401384083044983,0.7076023391812866,0.7139689578713969,0.6918789808917197,0.7997892518440464,0.730800323362975,0.5310467179183915,0.806,0.005,0.619,0.555,0.726,0.644,0.869,0.759,0.904,0.898
67.94,17.80513894557953,0.7549407114624506,0.7142857142857143,0.6785714285714286,0.6554524361948956,0.6931407942238267,0.6873096446700507,0.7277397260273972,0.7748015873015873,0.687874251497006,0.534647550776583,0.764,0.005,0.57,0.565,0.768,0.677,0.85,0.781,0.919,0.895
67.9,17.82427740097046,0.7482859941234085,0.6666666666666666,0.6323529411764706,0.6844155844155844,0.6994274809160306,0.7236693091732729,0.7033144704931286,0.7844311377245509,0.7193119624706802,0.5204375359815774,0.764,0.002,0.645,0.527,0.733,0.639,0.87,0.786,0.92,0.904
68.5,17.752795100212097,0.7637254901960784,0.6,0.6730769230769231,0.6447661469933185,0.6695427092320967,0.6819512195121952,0.7363796133567663,0.825531914893617,0.7660119555935099,0.5159090909090909,0.779,0.003,0.595,0.579,0.776,0.699,0.838,0.776,0.897,0.908
68.49,17.759521007537842,0.734375,0.6666666666666666,0.6626768226332971,0.6320346320346321,0.7059925093632958,0.712403951701427,0.7024,0.8192513368983957,0.7666098807495741,0.5252173913043479,0.799,0.004,0.609,0.584,0.754,0.649,0.878,0.766,0.9,0.906
68.13,17.793468117713928,0.7185251798561151,0.6666666666666666,0.6164510166358595,0.6846361185983828,0.7372793354101765,0.7032734952481521,0.7153526970954357,0.7654320987654321,0.7232854864433812,0.5405735204392923,0.799,0.002,0.667,0.508,0.71,0.666,0.862,0.806,0.907,0.886
68.17,17.793887972831726,0.7168458781362007,0.6666666666666666,0.6798642533936652,0.6720496894409937,0.7046918123275069,0.7128712871287128,0.7388646288209607,0.7275922671353251,0.6923076923076923,0.5475,0.8,0.002,0.601,0.541,0.766,0.648,0.846,0.828,0.909,0.876
67.92,17.793383717536926,0.7288135593220338,0.5,0.6153846153846154,0.6562123039806996,0.7345872518286312,0.6979722518676628,0.6939935064935064,0.7658767772511849,0.7989031078610603,0.5155425219941349,0.817,0.002,0.656,0.544,0.703,0.654,0.855,0.808,0.874,0.879
68.11,17.791808128356934,0.7111307420494699,1.0,0.6100917431192661,0.6304347826086957,0.745945945945946,0.7031914893617022,0.7279029462738301,0.7918326693227091,0.7713043478260869,0.5267220902612827,0.805,0.001,0.665,0.58,0.69,0.661,0.84,0.795,0.887,0.887
68.04,17.80626368522644,0.8061336254107339,1.0,0.6410505836575876,0.6321467098166127,0.7336787564766839,0.6876876876876877,0.7,0.8010471204188482,0.6891891891891891,0.533862111043319,0.736,0.002,0.659,0.586,0.708,0.687,0.868,0.765,0.918,0.875
68.54,17.75694489479065,0.7606177606177607,1.0,0.6596194503171248,0.6716981132075471,0.75,0.6847826086956522,0.6963855421686747,0.751346499102334,0.8036697247706422,0.5077519379844961,0.788,0.004,0.624,0.534,0.714,0.693,0.867,0.837,0.876,0.917
68.57,17.76304602622986,0.7497683039851715,1.0,0.6990632318501171,0.6318681318681318,0.7238372093023255,0.665395614871306,0.7282700421940929,0.8113612004287245,0.7729636048526863,0.5088790233074362,0.809,0.002,0.597,0.575,0.747,0.698,0.863,0.757,0.892,0.917
68.07,17.781705379486084,0.7351598173515982,nan,0.6205607476635514,0.6645569620253164,0.7623318385650224,0.6355633802816901,0.7433862433862434,0.794949494949495,0.79981718464351,0.5036131183991106,0.805,0.0,0.664,0.525,0.68,0.722,0.843,0.787,0.875,0.906
68.37,17.762133836746216,0.7416974169741697,1.0,0.6801752464403067,0.654747225647349,0.7169082125603865,0.6346499102333932,0.7761194029850746,0.7597712106768351,0.7647058823529411,0.5177345537757437,0.804,0.001,0.621,0.531,0.742,0.707,0.832,0.797,0.897,0.905
68.25,17.767850399017334,0.6749399519615693,0.6666666666666666,0.6913145539906104,0.6776649746192893,0.6714648602878917,0.6619183285849952,0.7239316239316239,0.7768844221105528,0.7772808586762076,0.5518541797611565,0.843,0.002,0.589,0.534,0.793,0.697,0.847,0.773,0.869,0.878
68.37,17.759737610816956,0.7597597597597597,nan,0.6719914802981896,0.6368593238822247,0.7112810707456979,0.6854838709677419,0.6959677419354838,0.7995867768595041,0.740924092409241,0.5358624777711914,0.759,0.0,0.631,0.584,0.744,0.68,0.863,0.774,0.898,0.904
68.77,17.7257581949234,0.7755511022044088,1.0,0.6698412698412698,0.6622436670687576,0.7214566929133859,0.6714836223506744,0.702572347266881,0.794,0.7473162675474814,0.5334886429819452,0.774,0.002,0.633,0.549,0.733,0.697,0.874,0.794,0.905,0.916
68.81,17.731539607048035,0.708512467755804,1.0,0.6808059384941676,0.6914893617021277,0.75,0.7013669821240799,0.7396193771626297,0.746031746031746,0.7558528428093646,0.5177345537757437,0.824,0.001,0.642,0.52,0.717,0.667,0.855,0.846,0.904,0.905
68.78,17.715984225273132,0.6593323216995448,nan,0.7018561484918794,0.6666666666666666,0.7190160832544938,0.7300337457817773,0.7238805970149254,0.7627737226277372,0.7866786678667866,0.5303933253873659,0.869,0.0,0.605,0.522,0.76,0.649,0.873,0.836,0.874,0.89
68.76,17.737960934638977,0.7211367673179396,1.0,0.7192982456140351,0.61875,0.6932021466905188,0.6793743890518084,0.768450184501845,0.7984189723320159,0.7172690763052209,0.5456215554194733,0.812,0.001,0.574,0.594,0.775,0.695,0.833,0.808,0.893,0.891
68.57,17.747435212135315,0.6540785498489426,nan,0.6622313203684749,0.6743295019157088,0.7420998980632009,0.7356979405034325,0.724809483488569,0.7658767772511849,0.7730061349693251,0.5338479809976246,0.866,0.0,0.647,0.528,0.728,0.643,0.856,0.808,0.882,0.899
68.47,17.749114632606506,0.7540360873694207,nan,0.6724137931034483,0.6504629629629629,0.7232580961727183,0.6842105263157895,0.667420814479638,0.821656050955414,0.7310513447432763,0.5416156670746634,0.794,0.0,0.624,0.562,0.737,0.689,0.885,0.774,0.897,0.885
68.46,17.75434935092926,0.727921498661909,nan,0.6117216117216118,0.683311432325887,0.7565858798735511,0.7278835386338186,0.7107231920199502,0.7568807339449541,0.7387017255546425,0.534647550776583,0.816,0.0,0.668,0.52,0.718,0.65,0.855,0.825,0.899,0.895
68.18,17.78819704055786,0.6695515342250197,nan,0.6703056768558951,0.6919770773638968,0.6979445933869526,0.6508226691042047,0.7506702412868632,0.8393665158371041,0.743993371996686,0.5301418439716312,0.851,0.0,0.614,0.483,0.781,0.712,0.84,0.742,0.898,0.897
68.34,17.752551794052124,0.7105038428693424,nan,0.6662946428571429,0.666243654822335,0.6870567375886525,0.669921875,0.7678737233054782,0.7536231884057971,0.7702582368655387,0.5298993487270575,0.832,0.0,0.597,0.525,0.775,0.686,0.827,0.832,0.865,0.895
68.36,17.766260862350464,0.7054329371816639,nan,0.6759156492785794,0.6871508379888268,0.7348178137651822,0.6512915129151291,0.7170124481327801,0.7684407096171803,0.7833482542524619,0.5229885057471264,0.831,0.0,0.609,0.492,0.726,0.706,0.864,0.823,0.875,0.91
68.81,17.7325279712677,0.7211538461538461,nan,0.6882681564245811,0.6821608040201005,0.7105263157894737,0.6721629485935985,0.7303754266211604,0.7979591836734694,0.7440132122213047,0.5325131810193322,0.825,0.0,0.616,0.543,0.756,0.693,0.856,0.782,0.901,0.909
68.01,17.786869287490845,0.6735028712059065,nan,0.6515463917525773,0.703328509406657,0.706717123935667,0.6794493608652901,0.7133333333333334,0.7904191616766467,0.7180511182108626,0.5508793969849246,0.821,0.0,0.632,0.486,0.747,0.691,0.856,0.792,0.899,0.877
68.4,17.76231014728546,0.7429111531190926,nan,0.6820224719101123,0.6658653846153846,0.7195357833655706,0.7051416579223505,0.717391304347826,0.7818003913894325,0.6897837434750187,0.534647550776583,0.786,0.0,0.607,0.554,0.744,0.672,0.858,0.799,0.925,0.895
72.63,17.366778135299683,0.8189158016147635,0.6378854625550661,0.6480730223123732,0.6644736842105263,0.7366803278688525,0.6762376237623763,0.7003231017770598,0.8130939809926082,0.8207364341085271,0.7616777883698761,0.71,0.724,0.639,0.505,0.719,0.683,0.867,0.77,0.847,0.799
69.74,17.62079620361328,0.7285843101893598,0.7606382978723404,0.6837988826815642,0.6526806526806527,0.7553956834532374,0.7058189655172413,0.7117408906882591,0.7952047952047953,0.8080524344569289,0.5289398280802292,0.808,0.143,0.612,0.56,0.735,0.655,0.879,0.796,0.863,0.923
69.39,17.6608726978302,0.7141623488773747,0.801980198019802,0.6991576413959085,0.648936170212766,0.7551020408163265,0.6800804828973843,0.7057396928051738,0.7984267453294002,0.7675814751286449,0.5419161676646707,0.827,0.081,0.581,0.549,0.74,0.676,0.873,0.812,0.895,0.905
